processo_id,numero_do_processo,titulo_do_processo,decisao_do_processo,tipo_de_direito_do_processo,documento_parte,registro_OAB
1,1,titulo1,decisao1,Direito Civil,39,4
2,2,titulo2,decisao2,Direito Civil,1,3
3,3,titulo3,decisao3,Direito Civil,6,9
4,4,titulo4,decisao4,Direito Penal,27,7
5,5,titulo5,decisao5,Direito Penal,26,4
6,6,titulo6,decisao6,Direito Penal,37,3
7,7,titulo7,decisao7,Direito Tributário,5,1
8,8,titulo8,decisao8,Direito Tributário,27,7
9,9,titulo9,decisao9,Direito Tributário,8,5
10,10,titulo10,decisao10,Direito Digital,31,10
11,11,titulo11,decisao11,Direito Digital,45,7
12,12,titulo12,decisao12,Direito Digital,21,8
13,13,titulo13,decisao13,Direito Ambiental,17,8
14,14,titulo14,decisao14,Direito Ambiental,32,8
15,15,titulo15,decisao15,Direito Ambiental,21,4
16,16,titulo16,decisao16,Direito do Consumidor,48,3
17,17,titulo17,decisao17,Direito do Consumidor,14,3
18,18,titulo18,decisao18,Direito do Consumidor,7,6
19,19,titulo19,decisao19,Direito Civil,44,9
20,20,titulo20,decisao20,Direito Civil,38,5
21,21,titulo21,decisao21,Direito Civil,28,8
22,22,titulo22,decisao22,Direito Penal,4,1
23,23,titulo23,decisao23,Direito Penal,49,9
24,24,titulo24,decisao24,Direito Penal,33,5
25,25,titulo25,decisao25,Direito Tributário,32,3
26,26,titulo26,decisao26,Direito Tributário,18,4
27,27,titulo27,decisao27,Direito Tributário,47,6
28,28,titulo28,decisao28,Direito Digital,48,1
29,29,titulo29,decisao29,Direito Digital,41,6
30,30,titulo30,decisao30,Direito Digital,50,3
31,31,titulo31,decisao31,Direito Ambiental,48,10
32,32,titulo32,decisao32,Direito Ambiental,36,6
33,33,titulo33,decisao33,Direito Ambiental,30,8
34,34,titulo34,decisao34,Direito do Consumidor,18,1
35,35,titulo35,decisao35,Direito do Consumidor,35,2
36,36,titulo36,decisao36,Direito do Consumidor,29,5
37,37,titulo37,decisao37,Direito Civil,27,9
38,38,titulo38,decisao38,Direito Civil,33,8
39,39,titulo39,decisao39,Direito Civil,29,2
40,40,titulo40,decisao40,Direito Penal,8,7
41,41,titulo41,decisao41,Direito Penal,31,2
42,42,titulo42,decisao42,Direito Penal,46,5
43,43,titulo43,decisao43,Direito Tributário,21,5
44,44,titulo44,decisao44,Direito Tributário,50,3
45,45,titulo45,decisao45,Direito Tributário,11,4
46,46,titulo46,decisao46,Direito Digital,7,2
47,47,titulo47,decisao47,Direito Digital,22,6
48,48,titulo48,decisao48,Direito Digital,24,4
49,49,titulo49,decisao49,Direito Ambiental,7,4
50,50,titulo50,decisao50,Direito Ambiental,16,1
51,51,titulo51,decisao51,Direito Ambiental,38,3
52,52,titulo52,decisao52,Direito do Consumidor,26,4
53,53,titulo53,decisao53,Direito do Consumidor,23,9
54,54,titulo54,decisao54,Direito do Consumidor,23,6
55,55,titulo55,decisao55,Direito Civil,49,6
56,56,titulo56,decisao56,Direito Civil,46,10
57,57,titulo57,decisao57,Direito Civil,16,10
58,58,titulo58,decisao58,Direito Penal,8,5
59,59,titulo59,decisao59,Direito Penal,35,4
60,60,titulo60,decisao60,Direito Penal,47,1
61,61,titulo61,decisao61,Direito Tributário,16,10
62,62,titulo62,decisao62,Direito Tributário,15,2
63,63,titulo63,decisao63,Direito Tributário,13,7
64,64,titulo64,decisao64,Direito Digital,33,2
65,65,titulo65,decisao65,Direito Digital,44,5
66,66,titulo66,decisao66,Direito Digital,16,4
67,67,titulo67,decisao67,Direito Ambiental,19,7
68,68,titulo68,decisao68,Direito Ambiental,44,2
69,69,titulo69,decisao69,Direito Ambiental,35,6
70,70,titulo70,decisao70,Direito do Consumidor,15,7
71,71,titulo71,decisao71,Direito do Consumidor,36,6
72,72,titulo72,decisao72,Direito do Consumidor,36,10
73,73,titulo73,decisao73,Direito Civil,13,8
74,74,titulo74,decisao74,Direito Civil,8,6
75,75,titulo75,decisao75,Direito Civil,3,3
76,76,titulo76,decisao76,Direito Penal,11,7
77,77,titulo77,decisao77,Direito Penal,45,6
78,78,titulo78,decisao78,Direito Penal,50,4
79,79,titulo79,decisao79,Direito Tributário,25,4
80,80,titulo80,decisao80,Direito Tributário,23,5
81,81,titulo81,decisao81,Direito Tributário,15,10
82,82,titulo82,decisao82,Direito Digital,1,8
83,83,titulo83,decisao83,Direito Digital,44,10
84,84,titulo84,decisao84,Direito Digital,33,10
85,85,titulo85,decisao85,Direito Ambiental,42,7
86,86,titulo86,decisao86,Direito Ambiental,38,2
87,87,titulo87,decisao87,Direito Ambiental,4,4
88,88,titulo88,decisao88,Direito do Consumidor,5,9
89,89,titulo89,decisao89,Direito do Consumidor,7,5
90,90,titulo90,decisao90,Direito do Consumidor,14,9
91,91,titulo91,decisao91,Direito Civil,48,10
92,92,titulo92,decisao92,Direito Civil,41,8
93,93,titulo93,decisao93,Direito Civil,34,7
94,94,titulo94,decisao94,Direito Penal,40,10
95,95,titulo95,decisao95,Direito Penal,22,1
96,96,titulo96,decisao96,Direito Penal,42,6
97,97,titulo97,decisao97,Direito Tributário,42,9
98,98,titulo98,decisao98,Direito Tributário,10,1
99,99,titulo99,decisao99,Direito Tributário,12,7
100,100,titulo100,decisao100,Direito Digital,5,1
101,101,titulo101,decisao101,Direito Digital,30,3
102,102,titulo102,decisao102,Direito Digital,23,3
103,103,titulo103,decisao103,Direito Ambiental,23,3
104,104,titulo104,decisao104,Direito Ambiental,2,1
105,105,titulo105,decisao105,Direito Ambiental,1,4
106,106,titulo106,decisao106,Direito do Consumidor,42,2
107,107,titulo107,decisao107,Direito do Consumidor,38,7
108,108,titulo108,decisao108,Direito do Consumidor,30,1
109,109,titulo109,decisao109,Direito Civil,25,8
110,110,titulo110,decisao110,Direito Civil,34,4
111,111,titulo111,decisao111,Direito Civil,12,9
112,112,titulo112,decisao112,Direito Penal,39,9
113,113,titulo113,decisao113,Direito Penal,40,3
114,114,titulo114,decisao114,Direito Penal,7,10
115,115,titulo115,decisao115,Direito Tributário,13,2
116,116,titulo116,decisao116,Direito Tributário,35,2
117,117,titulo117,decisao117,Direito Tributário,2,5
118,118,titulo118,decisao118,Direito Digital,4,7
119,119,titulo119,decisao119,Direito Digital,20,3
120,120,titulo120,decisao120,Direito Digital,32,8
121,121,titulo121,decisao121,Direito Ambiental,1,7
122,122,titulo122,decisao122,Direito Ambiental,48,6
123,123,titulo123,decisao123,Direito Ambiental,32,7
124,124,titulo124,decisao124,Direito do Consumidor,28,10
125,125,titulo125,decisao125,Direito do Consumidor,38,7
126,126,titulo126,decisao126,Direito do Consumidor,48,6
127,127,titulo127,decisao127,Direito Civil,7,9
128,128,titulo128,decisao128,Direito Civil,11,9
129,129,titulo129,decisao129,Direito Civil,38,4
130,130,titulo130,decisao130,Direito Penal,39,1
131,131,titulo131,decisao131,Direito Penal,13,7
132,132,titulo132,decisao132,Direito Penal,9,2
133,133,titulo133,decisao133,Direito Tributário,5,1
134,134,titulo134,decisao134,Direito Tributário,43,10
135,135,titulo135,decisao135,Direito Tributário,25,2
136,136,titulo136,decisao136,Direito Digital,11,2
137,137,titulo137,decisao137,Direito Digital,46,6
138,138,titulo138,decisao138,Direito Digital,26,9
139,139,titulo139,decisao139,Direito Ambiental,16,1
140,140,titulo140,decisao140,Direito Ambiental,22,6
141,141,titulo141,decisao141,Direito Ambiental,49,5
142,142,titulo142,decisao142,Direito do Consumidor,49,9
143,143,titulo143,decisao143,Direito do Consumidor,9,9
144,144,titulo144,decisao144,Direito do Consumidor,11,8
145,145,titulo145,decisao145,Direito Civil,13,9
146,146,titulo146,decisao146,Direito Civil,30,4
147,147,titulo147,decisao147,Direito Civil,26,5
148,148,titulo148,decisao148,Direito Penal,30,6
149,149,titulo149,decisao149,Direito Penal,48,3
150,150,titulo150,decisao150,Direito Penal,32,1
151,151,titulo151,decisao151,Direito Tributário,33,9
152,152,titulo152,decisao152,Direito Tributário,1,2
153,153,titulo153,decisao153,Direito Tributário,22,10
154,154,titulo154,decisao154,Direito Digital,27,6
155,155,titulo155,decisao155,Direito Digital,45,10
156,156,titulo156,decisao156,Direito Digital,20,4
157,157,titulo157,decisao157,Direito Ambiental,39,8
158,158,titulo158,decisao158,Direito Ambiental,10,1
159,159,titulo159,decisao159,Direito Ambiental,37,7
160,160,titulo160,decisao160,Direito do Consumidor,8,8
161,161,titulo161,decisao161,Direito do Consumidor,18,6
162,162,titulo162,decisao162,Direito do Consumidor,23,1
163,163,titulo163,decisao163,Direito Civil,27,4
164,164,titulo164,decisao164,Direito Civil,6,5
165,165,titulo165,decisao165,Direito Civil,47,8
166,166,titulo166,decisao166,Direito Penal,3,6
167,167,titulo167,decisao167,Direito Penal,28,8
168,168,titulo168,decisao168,Direito Penal,33,2
169,169,titulo169,decisao169,Direito Tributário,17,1
170,170,titulo170,decisao170,Direito Tributário,1,1
171,171,titulo171,decisao171,Direito Tributário,17,1
172,172,titulo172,decisao172,Direito Digital,47,9
173,173,titulo173,decisao173,Direito Digital,12,1
174,174,titulo174,decisao174,Direito Digital,19,10
175,175,titulo175,decisao175,Direito Ambiental,9,2
176,176,titulo176,decisao176,Direito Ambiental,35,9
177,177,titulo177,decisao177,Direito Ambiental,17,3
178,178,titulo178,decisao178,Direito do Consumidor,50,4
179,179,titulo179,decisao179,Direito do Consumidor,19,6
180,180,titulo180,decisao180,Direito do Consumidor,33,8
181,181,titulo181,decisao181,Direito Civil,19,9
182,182,titulo182,decisao182,Direito Civil,47,4
183,183,titulo183,decisao183,Direito Civil,30,6
184,184,titulo184,decisao184,Direito Penal,21,10
185,185,titulo185,decisao185,Direito Penal,35,7
186,186,titulo186,decisao186,Direito Penal,27,9
187,187,titulo187,decisao187,Direito Tributário,16,8
188,188,titulo188,decisao188,Direito Tributário,2,4
189,189,titulo189,decisao189,Direito Tributário,37,1
190,190,titulo190,decisao190,Direito Digital,27,1
191,191,titulo191,decisao191,Direito Digital,43,6
192,192,titulo192,decisao192,Direito Digital,10,2
193,193,titulo193,decisao193,Direito Ambiental,32,9
194,194,titulo194,decisao194,Direito Ambiental,32,8
195,195,titulo195,decisao195,Direito Ambiental,41,10
196,196,titulo196,decisao196,Direito do Consumidor,36,10
197,197,titulo197,decisao197,Direito do Consumidor,22,8
198,198,titulo198,decisao198,Direito do Consumidor,45,8
199,199,titulo199,decisao199,Direito Civil,3,1
200,200,titulo200,decisao200,Direito Civil,13,1
201,201,titulo201,decisao201,Direito Civil,8,4
202,202,titulo202,decisao202,Direito Penal,30,4
203,203,titulo203,decisao203,Direito Penal,36,2
204,204,titulo204,decisao204,Direito Penal,12,9
205,205,titulo205,decisao205,Direito Tributário,36,5
206,206,titulo206,decisao206,Direito Tributário,30,6
207,207,titulo207,decisao207,Direito Tributário,35,1
208,208,titulo208,decisao208,Direito Digital,11,1
209,209,titulo209,decisao209,Direito Digital,3,4
210,210,titulo210,decisao210,Direito Digital,48,4
211,211,titulo211,decisao211,Direito Ambiental,10,3
212,212,titulo212,decisao212,Direito Ambiental,7,9
213,213,titulo213,decisao213,Direito Ambiental,19,7
214,214,titulo214,decisao214,Direito do Consumidor,29,2
215,215,titulo215,decisao215,Direito do Consumidor,10,3
216,216,titulo216,decisao216,Direito do Consumidor,44,6
217,217,titulo217,decisao217,Direito Civil,30,10
218,218,titulo218,decisao218,Direito Civil,19,7
219,219,titulo219,decisao219,Direito Civil,44,6
220,220,titulo220,decisao220,Direito Penal,45,3
221,221,titulo221,decisao221,Direito Penal,13,1
222,222,titulo222,decisao222,Direito Penal,50,8
223,223,titulo223,decisao223,Direito Tributário,16,4
224,224,titulo224,decisao224,Direito Tributário,37,10
225,225,titulo225,decisao225,Direito Tributário,36,1
226,226,titulo226,decisao226,Direito Digital,37,6
227,227,titulo227,decisao227,Direito Digital,33,7
228,228,titulo228,decisao228,Direito Digital,28,4
229,229,titulo229,decisao229,Direito Ambiental,20,7
230,230,titulo230,decisao230,Direito Ambiental,1,2
231,231,titulo231,decisao231,Direito Ambiental,16,6
232,232,titulo232,decisao232,Direito do Consumidor,31,7
233,233,titulo233,decisao233,Direito do Consumidor,17,5
234,234,titulo234,decisao234,Direito do Consumidor,40,8
235,235,titulo235,decisao235,Direito Civil,26,9
236,236,titulo236,decisao236,Direito Civil,18,5
237,237,titulo237,decisao237,Direito Civil,11,10
238,238,titulo238,decisao238,Direito Penal,14,1
239,239,titulo239,decisao239,Direito Penal,6,5
240,240,titulo240,decisao240,Direito Penal,4,3
241,241,titulo241,decisao241,Direito Tributário,23,5
242,242,titulo242,decisao242,Direito Tributário,29,4
243,243,titulo243,decisao243,Direito Tributário,13,3
244,244,titulo244,decisao244,Direito Digital,33,8
245,245,titulo245,decisao245,Direito Digital,26,4
246,246,titulo246,decisao246,Direito Digital,16,9
247,247,titulo247,decisao247,Direito Ambiental,16,7
248,248,titulo248,decisao248,Direito Ambiental,42,1
249,249,titulo249,decisao249,Direito Ambiental,35,6
250,250,titulo250,decisao250,Direito do Consumidor,50,5
251,251,titulo251,decisao251,Direito Civil,23,3
252,252,titulo252,decisao252,Direito Civil,35,8
253,253,titulo253,decisao253,Direito Civil,3,6
254,254,titulo254,decisao254,Direito Penal,26,9
255,255,titulo255,decisao255,Direito Penal,35,6
256,256,titulo256,decisao256,Direito Penal,42,4
257,257,titulo257,decisao257,Direito Tributário,36,5
258,258,titulo258,decisao258,Direito Tributário,19,7
259,259,titulo259,decisao259,Direito Tributário,32,3
260,260,titulo260,decisao260,Direito Digital,30,1
261,261,titulo261,decisao261,Direito Digital,4,9
262,262,titulo262,decisao262,Direito Digital,19,4
263,263,titulo263,decisao263,Direito Ambiental,18,4
264,264,titulo264,decisao264,Direito Ambiental,46,5
265,265,titulo265,decisao265,Direito Ambiental,47,8
266,266,titulo266,decisao266,Direito do Consumidor,46,8
267,267,titulo267,decisao267,Direito do Consumidor,34,6
268,268,titulo268,decisao268,Direito do Consumidor,20,1
269,269,titulo269,decisao269,Direito Civil,15,4
270,270,titulo270,decisao270,Direito Civil,35,6
271,271,titulo271,decisao271,Direito Civil,5,1
272,272,titulo272,decisao272,Direito Penal,45,10
273,273,titulo273,decisao273,Direito Penal,46,4
274,274,titulo274,decisao274,Direito Penal,25,2
275,275,titulo275,decisao275,Direito Tributário,16,8
276,276,titulo276,decisao276,Direito Tributário,48,9
277,277,titulo277,decisao277,Direito Tributário,46,5
278,278,titulo278,decisao278,Direito Digital,22,7
279,279,titulo279,decisao279,Direito Digital,5,7
280,280,titulo280,decisao280,Direito Digital,38,10
281,281,titulo281,decisao281,Direito Ambiental,38,6
282,282,titulo282,decisao282,Direito Ambiental,34,4
283,283,titulo283,decisao283,Direito Ambiental,2,2
284,284,titulo284,decisao284,Direito do Consumidor,2,1
285,285,titulo285,decisao285,Direito do Consumidor,48,3
286,286,titulo286,decisao286,Direito do Consumidor,5,8
287,287,titulo287,decisao287,Direito Civil,40,6
288,288,titulo288,decisao288,Direito Civil,49,2
289,289,titulo289,decisao289,Direito Civil,11,7
290,290,titulo290,decisao290,Direito Penal,45,7
291,291,titulo291,decisao291,Direito Penal,47,9
292,292,titulo292,decisao292,Direito Penal,2,10
293,293,titulo293,decisao293,Direito Tributário,7,1
294,294,titulo294,decisao294,Direito Tributário,30,3
295,295,titulo295,decisao295,Direito Tributário,25,7
296,296,titulo296,decisao296,Direito Digital,36,2
297,297,titulo297,decisao297,Direito Digital,15,6
298,298,titulo298,decisao298,Direito Digital,11,8
299,299,titulo299,decisao299,Direito Ambiental,31,6
300,300,titulo300,decisao300,Direito Ambiental,45,7
301,301,titulo301,decisao301,Direito Ambiental,15,3
302,302,titulo302,decisao302,Direito do Consumidor,39,8
303,303,titulo303,decisao303,Direito do Consumidor,37,3
304,304,titulo304,decisao304,Direito do Consumidor,40,1
305,305,titulo305,decisao305,Direito Civil,50,1
306,306,titulo306,decisao306,Direito Civil,39,7
307,307,titulo307,decisao307,Direito Civil,50,4
308,308,titulo308,decisao308,Direito Penal,13,7
309,309,titulo309,decisao309,Direito Penal,10,6
310,310,titulo310,decisao310,Direito Penal,9,1
311,311,titulo311,decisao311,Direito Tributário,12,8
312,312,titulo312,decisao312,Direito Tributário,8,6
313,313,titulo313,decisao313,Direito Tributário,42,8
314,314,titulo314,decisao314,Direito Digital,32,4
315,315,titulo315,decisao315,Direito Digital,22,1
316,316,titulo316,decisao316,Direito Digital,2,5
317,317,titulo317,decisao317,Direito Ambiental,12,9
318,318,titulo318,decisao318,Direito Ambiental,44,1
319,319,titulo319,decisao319,Direito Ambiental,32,3
320,320,titulo320,decisao320,Direito do Consumidor,37,7
321,321,titulo321,decisao321,Direito do Consumidor,33,3
322,322,titulo322,decisao322,Direito do Consumidor,20,2
323,323,titulo323,decisao323,Direito Civil,22,8
324,324,titulo324,decisao324,Direito Civil,40,6
325,325,titulo325,decisao325,Direito Civil,30,3
326,326,titulo326,decisao326,Direito Penal,22,7
327,327,titulo327,decisao327,Direito Penal,47,8
328,328,titulo328,decisao328,Direito Penal,10,10
329,329,titulo329,decisao329,Direito Tributário,35,1
330,330,titulo330,decisao330,Direito Tributário,5,6
331,331,titulo331,decisao331,Direito Tributário,8,4
332,332,titulo332,decisao332,Direito Digital,43,4
333,333,titulo333,decisao333,Direito Digital,27,10
334,334,titulo334,decisao334,Direito Digital,4,2
335,335,titulo335,decisao335,Direito Ambiental,48,4
336,336,titulo336,decisao336,Direito Ambiental,22,2
337,337,titulo337,decisao337,Direito Ambiental,22,3
338,338,titulo338,decisao338,Direito do Consumidor,6,5
339,339,titulo339,decisao339,Direito do Consumidor,11,4
340,340,titulo340,decisao340,Direito do Consumidor,19,9
341,341,titulo341,decisao341,Direito Civil,34,7
342,342,titulo342,decisao342,Direito Civil,47,4
343,343,titulo343,decisao343,Direito Civil,17,5
344,344,titulo344,decisao344,Direito Penal,43,1
345,345,titulo345,decisao345,Direito Penal,30,5
346,346,titulo346,decisao346,Direito Penal,47,7
347,347,titulo347,decisao347,Direito Tributário,32,9
348,348,titulo348,decisao348,Direito Tributário,4,9
349,349,titulo349,decisao349,Direito Tributário,43,4
350,350,titulo350,decisao350,Direito Digital,7,5
351,351,titulo351,decisao351,Direito Digital,10,10
352,352,titulo352,decisao352,Direito Digital,33,10
353,353,titulo353,decisao353,Direito Ambiental,20,10
354,354,titulo354,decisao354,Direito Ambiental,44,9
355,355,titulo355,decisao355,Direito Ambiental,20,3
356,356,titulo356,decisao356,Direito do Consumidor,16,1
357,357,titulo357,decisao357,Direito do Consumidor,40,9
358,358,titulo358,decisao358,Direito do Consumidor,30,8
359,359,titulo359,decisao359,Direito Civil,5,7
360,360,titulo360,decisao360,Direito Civil,42,6
361,361,titulo361,decisao361,Direito Civil,32,9
362,362,titulo362,decisao362,Direito Penal,11,4
363,363,titulo363,decisao363,Direito Penal,15,8
364,364,titulo364,decisao364,Direito Penal,8,5
365,365,titulo365,decisao365,Direito Tributário,14,5
366,366,titulo366,decisao366,Direito Tributário,40,3
367,367,titulo367,decisao367,Direito Tributário,31,3
368,368,titulo368,decisao368,Direito Digital,42,10
369,369,titulo369,decisao369,Direito Digital,17,5
370,370,titulo370,decisao370,Direito Digital,34,6
371,371,titulo371,decisao371,Direito Ambiental,14,4
372,372,titulo372,decisao372,Direito Ambiental,22,2
373,373,titulo373,decisao373,Direito Ambiental,5,8
374,374,titulo374,decisao374,Direito do Consumidor,37,1
375,375,titulo375,decisao375,Direito do Consumidor,22,7
376,376,titulo376,decisao376,Direito do Consumidor,35,5
377,377,titulo377,decisao377,Direito Civil,46,4
378,378,titulo378,decisao378,Direito Civil,22,9
379,379,titulo379,decisao379,Direito Civil,36,10
380,380,titulo380,decisao380,Direito Penal,35,9
381,381,titulo381,decisao381,Direito Penal,32,10
382,382,titulo382,decisao382,Direito Penal,4,4
383,383,titulo383,decisao383,Direito Tributário,37,1
384,384,titulo384,decisao384,Direito Tributário,43,10
385,385,titulo385,decisao385,Direito Tributário,19,2
386,386,titulo386,decisao386,Direito Digital,21,5
387,387,titulo387,decisao387,Direito Digital,50,3
388,388,titulo388,decisao388,Direito Digital,36,9
389,389,titulo389,decisao389,Direito Ambiental,27,8
390,390,titulo390,decisao390,Direito Ambiental,49,8
391,391,titulo391,decisao391,Direito Ambiental,15,8
392,392,titulo392,decisao392,Direito do Consumidor,19,9
393,393,titulo393,decisao393,Direito do Consumidor,8,8
394,394,titulo394,decisao394,Direito do Consumidor,7,5
395,395,titulo395,decisao395,Direito Civil,9,5
396,396,titulo396,decisao396,Direito Civil,33,5
397,397,titulo397,decisao397,Direito Civil,49,7
398,398,titulo398,decisao398,Direito Penal,41,1
399,399,titulo399,decisao399,Direito Penal,9,3
400,400,titulo400,decisao400,Direito Penal,6,8
401,401,titulo401,decisao401,Direito Tributário,42,2
402,402,titulo402,decisao402,Direito Tributário,40,7
403,403,titulo403,decisao403,Direito Tributário,40,7
404,404,titulo404,decisao404,Direito Digital,24,3
405,405,titulo405,decisao405,Direito Digital,19,9
406,406,titulo406,decisao406,Direito Digital,45,3
407,407,titulo407,decisao407,Direito Ambiental,21,10
408,408,titulo408,decisao408,Direito Ambiental,36,7
409,409,titulo409,decisao409,Direito Ambiental,50,8
410,410,titulo410,decisao410,Direito do Consumidor,42,4
411,411,titulo411,decisao411,Direito do Consumidor,31,1
412,412,titulo412,decisao412,Direito do Consumidor,15,4
413,413,titulo413,decisao413,Direito Civil,38,2
414,414,titulo414,decisao414,Direito Civil,23,8
415,415,titulo415,decisao415,Direito Civil,46,9
416,416,titulo416,decisao416,Direito Penal,31,5
417,417,titulo417,decisao417,Direito Penal,34,10
418,418,titulo418,decisao418,Direito Penal,35,7
419,419,titulo419,decisao419,Direito Tributário,40,7
420,420,titulo420,decisao420,Direito Tributário,26,1
421,421,titulo421,decisao421,Direito Tributário,46,6
422,422,titulo422,decisao422,Direito Digital,35,10
423,423,titulo423,decisao423,Direito Digital,34,6
424,424,titulo424,decisao424,Direito Digital,15,1
425,425,titulo425,decisao425,Direito Ambiental,22,8
426,426,titulo426,decisao426,Direito Ambiental,45,8
427,427,titulo427,decisao427,Direito Ambiental,11,6
428,428,titulo428,decisao428,Direito do Consumidor,30,5
429,429,titulo429,decisao429,Direito do Consumidor,42,5
430,430,titulo430,decisao430,Direito do Consumidor,36,2
431,431,titulo431,decisao431,Direito Civil,44,5
432,432,titulo432,decisao432,Direito Civil,4,3
433,433,titulo433,decisao433,Direito Civil,25,4
434,434,titulo434,decisao434,Direito Penal,43,10
435,435,titulo435,decisao435,Direito Penal,4,7
436,436,titulo436,decisao436,Direito Penal,43,8
437,437,titulo437,decisao437,Direito Tributário,47,3
438,438,titulo438,decisao438,Direito Tributário,29,4
439,439,titulo439,decisao439,Direito Tributário,27,2
440,440,titulo440,decisao440,Direito Digital,5,3
441,441,titulo441,decisao441,Direito Digital,13,5
442,442,titulo442,decisao442,Direito Digital,6,6
443,443,titulo443,decisao443,Direito Ambiental,44,10
444,444,titulo444,decisao444,Direito Ambiental,14,10
445,445,titulo445,decisao445,Direito Ambiental,47,3
446,446,titulo446,decisao446,Direito do Consumidor,49,5
447,447,titulo447,decisao447,Direito do Consumidor,33,2
448,448,titulo448,decisao448,Direito do Consumidor,31,8
449,449,titulo449,decisao449,Direito Civil,47,2
450,450,titulo450,decisao450,Direito Civil,19,10
451,451,titulo451,decisao451,Direito Civil,37,7
452,452,titulo452,decisao452,Direito Penal,39,5
453,453,titulo453,decisao453,Direito Penal,43,8
454,454,titulo454,decisao454,Direito Penal,13,6
455,455,titulo455,decisao455,Direito Tributário,22,9
456,456,titulo456,decisao456,Direito Tributário,43,3
457,457,titulo457,decisao457,Direito Tributário,4,8
458,458,titulo458,decisao458,Direito Digital,41,9
459,459,titulo459,decisao459,Direito Digital,41,2
460,460,titulo460,decisao460,Direito Digital,41,7
461,461,titulo461,decisao461,Direito Ambiental,27,7
462,462,titulo462,decisao462,Direito Ambiental,47,5
463,463,titulo463,decisao463,Direito Ambiental,1,4
464,464,titulo464,decisao464,Direito do Consumidor,23,6
465,465,titulo465,decisao465,Direito do Consumidor,50,6
466,466,titulo466,decisao466,Direito do Consumidor,9,5
467,467,titulo467,decisao467,Direito Civil,13,9
468,468,titulo468,decisao468,Direito Civil,23,4
469,469,titulo469,decisao469,Direito Civil,36,7
470,470,titulo470,decisao470,Direito Penal,15,2
471,471,titulo471,decisao471,Direito Penal,36,2
472,472,titulo472,decisao472,Direito Penal,29,4
473,473,titulo473,decisao473,Direito Tributário,34,10
474,474,titulo474,decisao474,Direito Tributário,47,8
475,475,titulo475,decisao475,Direito Tributário,39,9
476,476,titulo476,decisao476,Direito Digital,38,7
477,477,titulo477,decisao477,Direito Digital,9,4
478,478,titulo478,decisao478,Direito Digital,8,3
479,479,titulo479,decisao479,Direito Ambiental,40,10
480,480,titulo480,decisao480,Direito Ambiental,39,1
481,481,titulo481,decisao481,Direito Ambiental,35,10
482,482,titulo482,decisao482,Direito do Consumidor,11,6
483,483,titulo483,decisao483,Direito do Consumidor,43,10
484,484,titulo484,decisao484,Direito do Consumidor,10,1
485,485,titulo485,decisao485,Direito Civil,25,4
486,486,titulo486,decisao486,Direito Civil,33,7
487,487,titulo487,decisao487,Direito Civil,44,4
488,488,titulo488,decisao488,Direito Penal,47,8
489,489,titulo489,decisao489,Direito Penal,18,2
490,490,titulo490,decisao490,Direito Penal,39,4
491,491,titulo491,decisao491,Direito Tributário,41,10
492,492,titulo492,decisao492,Direito Tributário,28,2
493,493,titulo493,decisao493,Direito Tributário,3,10
494,494,titulo494,decisao494,Direito Digital,48,4
495,495,titulo495,decisao495,Direito Digital,42,2
496,496,titulo496,decisao496,Direito Digital,39,8
497,497,titulo497,decisao497,Direito Ambiental,34,7
498,498,titulo498,decisao498,Direito Ambiental,41,4
499,499,titulo499,decisao499,Direito Ambiental,38,6
500,500,titulo500,decisao500,Direito do Consumidor,1,1
501,501,titulo501,decisao501,Direito do Consumidor,35,3
502,502,titulo502,decisao502,Direito do Consumidor,17,8
503,503,titulo503,decisao503,Direito do Consumidor,17,8
504,504,titulo504,decisao504,Direito Civil,14,3
505,505,titulo505,decisao505,Direito Civil,18,8
506,506,titulo506,decisao506,Direito Civil,19,7
507,507,titulo507,decisao507,Direito Penal,18,10
508,508,titulo508,decisao508,Direito Penal,28,5
509,509,titulo509,decisao509,Direito Penal,5,5
510,510,titulo510,decisao510,Direito Tributário,19,2
511,511,titulo511,decisao511,Direito Tributário,39,5
512,512,titulo512,decisao512,Direito Tributário,31,3
513,513,titulo513,decisao513,Direito Digital,8,3
514,514,titulo514,decisao514,Direito Digital,44,10
515,515,titulo515,decisao515,Direito Digital,15,8
516,516,titulo516,decisao516,Direito Ambiental,46,3
517,517,titulo517,decisao517,Direito Ambiental,12,8
518,518,titulo518,decisao518,Direito Ambiental,1,2
519,519,titulo519,decisao519,Direito do Consumidor,33,2
520,520,titulo520,decisao520,Direito do Consumidor,14,10
521,521,titulo521,decisao521,Direito do Consumidor,30,6
522,522,titulo522,decisao522,Direito do Consumidor,3,9
523,523,titulo523,decisao523,Direito Civil,41,10
524,524,titulo524,decisao524,Direito Civil,9,1
525,525,titulo525,decisao525,Direito Civil,10,1
526,526,titulo526,decisao526,Direito Penal,34,3
527,527,titulo527,decisao527,Direito Penal,26,8
528,528,titulo528,decisao528,Direito Penal,32,1
529,529,titulo529,decisao529,Direito Tributário,6,2
530,530,titulo530,decisao530,Direito Tributário,46,8
531,531,titulo531,decisao531,Direito Tributário,11,2
532,532,titulo532,decisao532,Direito Digital,23,4
533,533,titulo533,decisao533,Direito Digital,36,8
534,534,titulo534,decisao534,Direito Digital,19,8
535,535,titulo535,decisao535,Direito Ambiental,19,9
536,536,titulo536,decisao536,Direito Ambiental,28,10
537,537,titulo537,decisao537,Direito Ambiental,32,5
538,538,titulo538,decisao538,Direito do Consumidor,34,2
539,539,titulo539,decisao539,Direito do Consumidor,12,9
540,540,titulo540,decisao540,Direito do Consumidor,47,1
541,541,titulo541,decisao541,Direito do Consumidor,50,1
542,542,titulo542,decisao542,Direito Civil,2,1
543,543,titulo543,decisao543,Direito Civil,2,5
544,544,titulo544,decisao544,Direito Civil,28,5
545,545,titulo545,decisao545,Direito Penal,28,7
546,546,titulo546,decisao546,Direito Penal,15,9
547,547,titulo547,decisao547,Direito Penal,19,6
548,548,titulo548,decisao548,Direito Tributário,35,4
549,549,titulo549,decisao549,Direito Tributário,14,6
550,550,titulo550,decisao550,Direito Tributário,32,10
551,551,titulo551,decisao551,Direito Digital,11,2
552,552,titulo552,decisao552,Direito Digital,8,9
553,553,titulo553,decisao553,Direito Digital,18,2
554,554,titulo554,decisao554,Direito Ambiental,44,3
555,555,titulo555,decisao555,Direito Ambiental,24,6
556,556,titulo556,decisao556,Direito Ambiental,37,3
557,557,titulo557,decisao557,Direito do Consumidor,43,2
558,558,titulo558,decisao558,Direito do Consumidor,1,4
559,559,titulo559,decisao559,Direito do Consumidor,6,8
560,560,titulo560,decisao560,Direito do Consumidor,40,10
561,561,titulo561,decisao561,Direito Civil,36,10
562,562,titulo562,decisao562,Direito Civil,4,5
563,563,titulo563,decisao563,Direito Civil,33,5
564,564,titulo564,decisao564,Direito Penal,12,1
565,565,titulo565,decisao565,Direito Penal,49,10
566,566,titulo566,decisao566,Direito Penal,14,10
567,567,titulo567,decisao567,Direito Tributário,30,8
568,568,titulo568,decisao568,Direito Tributário,17,7
569,569,titulo569,decisao569,Direito Tributário,41,7
570,570,titulo570,decisao570,Direito Digital,3,7
571,571,titulo571,decisao571,Direito Digital,12,5
572,572,titulo572,decisao572,Direito Digital,17,8
573,573,titulo573,decisao573,Direito Ambiental,37,2
574,574,titulo574,decisao574,Direito Ambiental,39,5
575,575,titulo575,decisao575,Direito Ambiental,20,6
576,576,titulo576,decisao576,Direito do Consumidor,41,6
577,577,titulo577,decisao577,Direito do Consumidor,28,9
578,578,titulo578,decisao578,Direito do Consumidor,10,7
579,579,titulo579,decisao579,Direito do Consumidor,36,5
580,580,titulo580,decisao580,Direito Civil,28,5
581,581,titulo581,decisao581,Direito Civil,30,5
582,582,titulo582,decisao582,Direito Civil,6,7
583,583,titulo583,decisao583,Direito Penal,21,8
584,584,titulo584,decisao584,Direito Penal,12,2
585,585,titulo585,decisao585,Direito Penal,48,5
586,586,titulo586,decisao586,Direito Tributário,31,7
587,587,titulo587,decisao587,Direito Tributário,28,6
588,588,titulo588,decisao588,Direito Tributário,26,5
589,589,titulo589,decisao589,Direito Digital,39,10
590,590,titulo590,decisao590,Direito Digital,36,2
591,591,titulo591,decisao591,Direito Digital,41,3
592,592,titulo592,decisao592,Direito Ambiental,40,8
593,593,titulo593,decisao593,Direito Ambiental,48,7
594,594,titulo594,decisao594,Direito Ambiental,46,5
595,595,titulo595,decisao595,Direito do Consumidor,21,9
596,596,titulo596,decisao596,Direito do Consumidor,41,6
597,597,titulo597,decisao597,Direito do Consumidor,29,9
598,598,titulo598,decisao598,Direito do Consumidor,7,1
599,599,titulo599,decisao599,Direito Civil,27,9
600,600,titulo600,decisao600,Direito Civil,22,6
601,601,titulo601,decisao601,Direito Civil,14,1
602,602,titulo602,decisao602,Direito Penal,2,10
603,603,titulo603,decisao603,Direito Penal,16,6
604,604,titulo604,decisao604,Direito Penal,11,2
605,605,titulo605,decisao605,Direito Tributário,22,1
606,606,titulo606,decisao606,Direito Tributário,15,1
607,607,titulo607,decisao607,Direito Tributário,11,3
608,608,titulo608,decisao608,Direito Digital,21,6
609,609,titulo609,decisao609,Direito Digital,29,5
610,610,titulo610,decisao610,Direito Digital,44,5
611,611,titulo611,decisao611,Direito Ambiental,44,3
612,612,titulo612,decisao612,Direito Ambiental,29,6
613,613,titulo613,decisao613,Direito Ambiental,18,7
614,614,titulo614,decisao614,Direito do Consumidor,37,5
615,615,titulo615,decisao615,Direito do Consumidor,2,10
616,616,titulo616,decisao616,Direito do Consumidor,42,6
617,617,titulo617,decisao617,Direito do Consumidor,44,6
618,618,titulo618,decisao618,Direito Civil,6,4
619,619,titulo619,decisao619,Direito Civil,10,1
620,620,titulo620,decisao620,Direito Civil,18,3
621,621,titulo621,decisao621,Direito Penal,48,1
622,622,titulo622,decisao622,Direito Penal,15,7
623,623,titulo623,decisao623,Direito Penal,15,7
624,624,titulo624,decisao624,Direito Tributário,17,6
625,625,titulo625,decisao625,Direito Tributário,5,1
626,626,titulo626,decisao626,Direito Tributário,33,5
627,627,titulo627,decisao627,Direito Digital,36,5
628,628,titulo628,decisao628,Direito Digital,45,5
629,629,titulo629,decisao629,Direito Digital,24,4
630,630,titulo630,decisao630,Direito Ambiental,34,8
631,631,titulo631,decisao631,Direito Ambiental,11,10
632,632,titulo632,decisao632,Direito Ambiental,25,5
633,633,titulo633,decisao633,Direito do Consumidor,36,8
634,634,titulo634,decisao634,Direito do Consumidor,42,10
635,635,titulo635,decisao635,Direito do Consumidor,1,1
636,636,titulo636,decisao636,Direito do Consumidor,7,1
637,637,titulo637,decisao637,Direito Civil,37,4
638,638,titulo638,decisao638,Direito Civil,50,4
639,639,titulo639,decisao639,Direito Civil,7,6
640,640,titulo640,decisao640,Direito Penal,18,7
641,641,titulo641,decisao641,Direito Penal,7,3
642,642,titulo642,decisao642,Direito Penal,50,6
643,643,titulo643,decisao643,Direito Tributário,27,2
644,644,titulo644,decisao644,Direito Tributário,8,2
645,645,titulo645,decisao645,Direito Tributário,33,2
646,646,titulo646,decisao646,Direito Digital,5,8
647,647,titulo647,decisao647,Direito Digital,27,10
648,648,titulo648,decisao648,Direito Digital,46,7
649,649,titulo649,decisao649,Direito Ambiental,41,10
650,650,titulo650,decisao650,Direito Ambiental,24,6
651,651,titulo651,decisao651,Direito Ambiental,4,3
652,652,titulo652,decisao652,Direito do Consumidor,14,10
653,653,titulo653,decisao653,Direito do Consumidor,28,1
654,654,titulo654,decisao654,Direito do Consumidor,37,6
655,655,titulo655,decisao655,Direito do Consumidor,12,9
656,656,titulo656,decisao656,Direito Civil,26,9
657,657,titulo657,decisao657,Direito Civil,28,7
658,658,titulo658,decisao658,Direito Civil,42,7
659,659,titulo659,decisao659,Direito Penal,11,6
660,660,titulo660,decisao660,Direito Penal,8,6
661,661,titulo661,decisao661,Direito Penal,34,3
662,662,titulo662,decisao662,Direito Tributário,47,5
663,663,titulo663,decisao663,Direito Tributário,50,1
664,664,titulo664,decisao664,Direito Tributário,38,1
665,665,titulo665,decisao665,Direito Digital,33,9
666,666,titulo666,decisao666,Direito Digital,41,6
667,667,titulo667,decisao667,Direito Digital,23,4
668,668,titulo668,decisao668,Direito Ambiental,38,7
669,669,titulo669,decisao669,Direito Ambiental,15,3
670,670,titulo670,decisao670,Direito Ambiental,32,2
671,671,titulo671,decisao671,Direito do Consumidor,3,9
672,672,titulo672,decisao672,Direito do Consumidor,39,3
673,673,titulo673,decisao673,Direito do Consumidor,27,4
674,674,titulo674,decisao674,Direito do Consumidor,50,6
675,675,titulo675,decisao675,Direito Civil,29,4
676,676,titulo676,decisao676,Direito Civil,45,6
677,677,titulo677,decisao677,Direito Civil,27,4
678,678,titulo678,decisao678,Direito Penal,27,5
679,679,titulo679,decisao679,Direito Penal,9,2
680,680,titulo680,decisao680,Direito Penal,39,6
681,681,titulo681,decisao681,Direito Tributário,9,8
682,682,titulo682,decisao682,Direito Tributário,36,4
683,683,titulo683,decisao683,Direito Tributário,14,9
684,684,titulo684,decisao684,Direito Digital,21,6
685,685,titulo685,decisao685,Direito Digital,20,5
686,686,titulo686,decisao686,Direito Digital,9,10
687,687,titulo687,decisao687,Direito Ambiental,23,10
688,688,titulo688,decisao688,Direito Ambiental,30,6
689,689,titulo689,decisao689,Direito Ambiental,15,9
690,690,titulo690,decisao690,Direito do Consumidor,43,5
691,691,titulo691,decisao691,Direito do Consumidor,8,3
692,692,titulo692,decisao692,Direito do Consumidor,14,9
693,693,titulo693,decisao693,Direito do Consumidor,23,3
694,694,titulo694,decisao694,Direito Civil,14,5
695,695,titulo695,decisao695,Direito Civil,43,7
696,696,titulo696,decisao696,Direito Civil,45,7
697,697,titulo697,decisao697,Direito Penal,26,8
698,698,titulo698,decisao698,Direito Penal,3,6
699,699,titulo699,decisao699,Direito Penal,37,6
700,700,titulo700,decisao700,Direito Tributário,12,5
701,701,titulo701,decisao701,Direito Tributário,5,3
702,702,titulo702,decisao702,Direito Tributário,48,8
703,703,titulo703,decisao703,Direito Digital,38,5
704,704,titulo704,decisao704,Direito Digital,37,1
705,705,titulo705,decisao705,Direito Digital,13,8
706,706,titulo706,decisao706,Direito Ambiental,43,1
707,707,titulo707,decisao707,Direito Ambiental,13,7
708,708,titulo708,decisao708,Direito Ambiental,44,5
709,709,titulo709,decisao709,Direito do Consumidor,41,4
710,710,titulo710,decisao710,Direito do Consumidor,9,6
711,711,titulo711,decisao711,Direito do Consumidor,6,9
712,712,titulo712,decisao712,Direito do Consumidor,19,5
713,713,titulo713,decisao713,Direito Civil,34,9
714,714,titulo714,decisao714,Direito Civil,46,10
715,715,titulo715,decisao715,Direito Civil,5,5
716,716,titulo716,decisao716,Direito Penal,11,8
717,717,titulo717,decisao717,Direito Penal,36,1
718,718,titulo718,decisao718,Direito Penal,44,5
719,719,titulo719,decisao719,Direito Tributário,33,2
720,720,titulo720,decisao720,Direito Tributário,1,4
721,721,titulo721,decisao721,Direito Tributário,20,1
722,722,titulo722,decisao722,Direito Digital,14,7
723,723,titulo723,decisao723,Direito Digital,6,10
724,724,titulo724,decisao724,Direito Digital,14,6
725,725,titulo725,decisao725,Direito Ambiental,16,3
726,726,titulo726,decisao726,Direito Ambiental,6,5
727,727,titulo727,decisao727,Direito Ambiental,30,6
728,728,titulo728,decisao728,Direito do Consumidor,4,10
729,729,titulo729,decisao729,Direito do Consumidor,34,4
730,730,titulo730,decisao730,Direito do Consumidor,45,3
731,731,titulo731,decisao731,Direito do Consumidor,2,1
732,732,titulo732,decisao732,Direito Civil,33,1
733,733,titulo733,decisao733,Direito Civil,11,7
734,734,titulo734,decisao734,Direito Civil,24,6
735,735,titulo735,decisao735,Direito Penal,9,4
736,736,titulo736,decisao736,Direito Penal,35,9
737,737,titulo737,decisao737,Direito Penal,39,3
738,738,titulo738,decisao738,Direito Tributário,28,2
739,739,titulo739,decisao739,Direito Tributário,27,5
740,740,titulo740,decisao740,Direito Tributário,14,9
741,741,titulo741,decisao741,Direito Digital,12,2
742,742,titulo742,decisao742,Direito Digital,20,10
743,743,titulo743,decisao743,Direito Digital,6,1
744,744,titulo744,decisao744,Direito Ambiental,43,7
745,745,titulo745,decisao745,Direito Ambiental,25,2
746,746,titulo746,decisao746,Direito Ambiental,22,2
747,747,titulo747,decisao747,Direito do Consumidor,18,9
748,748,titulo748,decisao748,Direito do Consumidor,4,8
749,749,titulo749,decisao749,Direito do Consumidor,13,10
750,750,titulo750,decisao750,Direito do Consumidor,3,4
751,751,titulo751,decisao751,Direito Civil,43,10
752,752,titulo752,decisao752,Direito Civil,33,9
753,753,titulo753,decisao753,Direito Civil,38,10
754,754,titulo754,decisao754,Direito Penal,22,7
755,755,titulo755,decisao755,Direito Penal,8,10
756,756,titulo756,decisao756,Direito Penal,40,9
757,757,titulo757,decisao757,Direito Tributário,5,9
758,758,titulo758,decisao758,Direito Tributário,16,7
759,759,titulo759,decisao759,Direito Tributário,30,9
760,760,titulo760,decisao760,Direito Digital,46,2
761,761,titulo761,decisao761,Direito Digital,43,6
762,762,titulo762,decisao762,Direito Digital,36,8
763,763,titulo763,decisao763,Direito Ambiental,32,7
764,764,titulo764,decisao764,Direito Ambiental,32,4
765,765,titulo765,decisao765,Direito Ambiental,19,10
766,766,titulo766,decisao766,Direito do Consumidor,43,3
767,767,titulo767,decisao767,Direito do Consumidor,23,9
768,768,titulo768,decisao768,Direito do Consumidor,47,8
769,769,titulo769,decisao769,Direito do Consumidor,45,1
770,770,titulo770,decisao770,Direito Civil,40,7
771,771,titulo771,decisao771,Direito Civil,12,2
772,772,titulo772,decisao772,Direito Civil,16,10
773,773,titulo773,decisao773,Direito Penal,21,4
774,774,titulo774,decisao774,Direito Penal,4,7
775,775,titulo775,decisao775,Direito Penal,34,10
776,776,titulo776,decisao776,Direito Tributário,35,1
777,777,titulo777,decisao777,Direito Tributário,44,6
778,778,titulo778,decisao778,Direito Tributário,36,7
779,779,titulo779,decisao779,Direito Digital,25,5
780,780,titulo780,decisao780,Direito Digital,28,7
781,781,titulo781,decisao781,Direito Digital,39,6
782,782,titulo782,decisao782,Direito Ambiental,49,7
783,783,titulo783,decisao783,Direito Ambiental,37,9
784,784,titulo784,decisao784,Direito Ambiental,49,8
785,785,titulo785,decisao785,Direito do Consumidor,10,8
786,786,titulo786,decisao786,Direito do Consumidor,4,2
787,787,titulo787,decisao787,Direito do Consumidor,49,1
788,788,titulo788,decisao788,Direito do Consumidor,9,5
789,789,titulo789,decisao789,Direito Civil,23,5
790,790,titulo790,decisao790,Direito Civil,36,10
791,791,titulo791,decisao791,Direito Civil,42,3
792,792,titulo792,decisao792,Direito Penal,20,2
793,793,titulo793,decisao793,Direito Penal,35,5
794,794,titulo794,decisao794,Direito Penal,28,7
795,795,titulo795,decisao795,Direito Tributário,28,6
796,796,titulo796,decisao796,Direito Tributário,33,9
797,797,titulo797,decisao797,Direito Tributário,26,6
798,798,titulo798,decisao798,Direito Digital,30,9
799,799,titulo799,decisao799,Direito Digital,50,7
800,800,titulo800,decisao800,Direito Digital,19,2
801,801,titulo801,decisao801,Direito Ambiental,3,9
802,802,titulo802,decisao802,Direito Ambiental,34,2
803,803,titulo803,decisao803,Direito Ambiental,13,3
804,804,titulo804,decisao804,Direito do Consumidor,31,2
805,805,titulo805,decisao805,Direito do Consumidor,8,2
806,806,titulo806,decisao806,Direito do Consumidor,27,6
807,807,titulo807,decisao807,Direito do Consumidor,16,3
808,808,titulo808,decisao808,Direito Civil,29,7
809,809,titulo809,decisao809,Direito Civil,26,6
810,810,titulo810,decisao810,Direito Civil,38,4
811,811,titulo811,decisao811,Direito Penal,14,4
812,812,titulo812,decisao812,Direito Penal,12,7
813,813,titulo813,decisao813,Direito Penal,34,3
814,814,titulo814,decisao814,Direito Tributário,6,2
815,815,titulo815,decisao815,Direito Tributário,42,6
816,816,titulo816,decisao816,Direito Tributário,48,7
817,817,titulo817,decisao817,Direito Digital,13,1
818,818,titulo818,decisao818,Direito Digital,50,7
819,819,titulo819,decisao819,Direito Digital,29,1
820,820,titulo820,decisao820,Direito Ambiental,35,5
821,821,titulo821,decisao821,Direito Ambiental,10,9
822,822,titulo822,decisao822,Direito Ambiental,34,10
823,823,titulo823,decisao823,Direito do Consumidor,33,8
824,824,titulo824,decisao824,Direito do Consumidor,8,2
825,825,titulo825,decisao825,Direito do Consumidor,15,8
826,826,titulo826,decisao826,Direito do Consumidor,23,1
827,827,titulo827,decisao827,Direito Civil,49,7
828,828,titulo828,decisao828,Direito Civil,47,3
829,829,titulo829,decisao829,Direito Civil,27,5
830,830,titulo830,decisao830,Direito Penal,12,2
831,831,titulo831,decisao831,Direito Penal,16,4
832,832,titulo832,decisao832,Direito Penal,43,10
833,833,titulo833,decisao833,Direito Tributário,37,2
834,834,titulo834,decisao834,Direito Tributário,47,8
835,835,titulo835,decisao835,Direito Tributário,37,5
836,836,titulo836,decisao836,Direito Digital,18,2
837,837,titulo837,decisao837,Direito Digital,40,1
838,838,titulo838,decisao838,Direito Digital,29,1
839,839,titulo839,decisao839,Direito Ambiental,7,7
840,840,titulo840,decisao840,Direito Ambiental,23,4
841,841,titulo841,decisao841,Direito Ambiental,39,5
842,842,titulo842,decisao842,Direito do Consumidor,34,6
843,843,titulo843,decisao843,Direito do Consumidor,20,8
844,844,titulo844,decisao844,Direito do Consumidor,46,8
845,845,titulo845,decisao845,Direito do Consumidor,46,2
846,846,titulo846,decisao846,Direito Civil,11,2
847,847,titulo847,decisao847,Direito Civil,2,6
848,848,titulo848,decisao848,Direito Civil,29,8
849,849,titulo849,decisao849,Direito Penal,20,3
850,850,titulo850,decisao850,Direito Penal,18,10
851,851,titulo851,decisao851,Direito Penal,46,10
852,852,titulo852,decisao852,Direito Tributário,49,9
853,853,titulo853,decisao853,Direito Tributário,45,5
854,854,titulo854,decisao854,Direito Tributário,32,4
855,855,titulo855,decisao855,Direito Digital,34,9
856,856,titulo856,decisao856,Direito Digital,15,4
857,857,titulo857,decisao857,Direito Digital,25,9
858,858,titulo858,decisao858,Direito Ambiental,30,8
859,859,titulo859,decisao859,Direito Ambiental,50,3
860,860,titulo860,decisao860,Direito Ambiental,14,5
861,861,titulo861,decisao861,Direito do Consumidor,40,2
862,862,titulo862,decisao862,Direito do Consumidor,4,10
863,863,titulo863,decisao863,Direito do Consumidor,17,2
864,864,titulo864,decisao864,Direito do Consumidor,33,2
865,865,titulo865,decisao865,Direito Civil,9,3
866,866,titulo866,decisao866,Direito Civil,33,8
867,867,titulo867,decisao867,Direito Civil,19,2
868,868,titulo868,decisao868,Direito Penal,17,7
869,869,titulo869,decisao869,Direito Penal,9,4
870,870,titulo870,decisao870,Direito Penal,40,10
871,871,titulo871,decisao871,Direito Tributário,14,7
872,872,titulo872,decisao872,Direito Tributário,43,7
873,873,titulo873,decisao873,Direito Tributário,31,6
874,874,titulo874,decisao874,Direito Digital,25,3
875,875,titulo875,decisao875,Direito Digital,38,8
876,876,titulo876,decisao876,Direito Digital,46,8
877,877,titulo877,decisao877,Direito Ambiental,21,6
878,878,titulo878,decisao878,Direito Ambiental,10,7
879,879,titulo879,decisao879,Direito Ambiental,30,1
880,880,titulo880,decisao880,Direito do Consumidor,14,1
881,881,titulo881,decisao881,Direito do Consumidor,32,2
882,882,titulo882,decisao882,Direito do Consumidor,21,6
883,883,titulo883,decisao883,Direito do Consumidor,49,8
884,884,titulo884,decisao884,Direito Civil,38,9
885,885,titulo885,decisao885,Direito Civil,43,8
886,886,titulo886,decisao886,Direito Civil,12,9
887,887,titulo887,decisao887,Direito Penal,21,6
888,888,titulo888,decisao888,Direito Penal,24,3
889,889,titulo889,decisao889,Direito Penal,44,7
890,890,titulo890,decisao890,Direito Tributário,28,9
891,891,titulo891,decisao891,Direito Tributário,41,6
892,892,titulo892,decisao892,Direito Tributário,45,2
893,893,titulo893,decisao893,Direito Digital,35,7
894,894,titulo894,decisao894,Direito Digital,27,2
895,895,titulo895,decisao895,Direito Digital,29,8
896,896,titulo896,decisao896,Direito Ambiental,21,7
897,897,titulo897,decisao897,Direito Ambiental,8,1
898,898,titulo898,decisao898,Direito Ambiental,26,7
899,899,titulo899,decisao899,Direito do Consumidor,39,6
900,900,titulo900,decisao900,Direito do Consumidor,44,8
901,901,titulo901,decisao901,Direito do Consumidor,13,10
902,902,titulo902,decisao902,Direito do Consumidor,14,2
903,903,titulo903,decisao903,Direito Civil,45,6
904,904,titulo904,decisao904,Direito Civil,30,6
905,905,titulo905,decisao905,Direito Civil,40,2
906,906,titulo906,decisao906,Direito Penal,36,8
907,907,titulo907,decisao907,Direito Penal,27,5
908,908,titulo908,decisao908,Direito Penal,48,7
909,909,titulo909,decisao909,Direito Tributário,48,6
910,910,titulo910,decisao910,Direito Tributário,31,5
911,911,titulo911,decisao911,Direito Tributário,38,8
912,912,titulo912,decisao912,Direito Digital,49,6
913,913,titulo913,decisao913,Direito Digital,6,8
914,914,titulo914,decisao914,Direito Digital,37,4
915,915,titulo915,decisao915,Direito Ambiental,11,5
916,916,titulo916,decisao916,Direito Ambiental,13,5
917,917,titulo917,decisao917,Direito Ambiental,26,6
918,918,titulo918,decisao918,Direito do Consumidor,42,2
919,919,titulo919,decisao919,Direito do Consumidor,3,8
920,920,titulo920,decisao920,Direito do Consumidor,4,8
921,921,titulo921,decisao921,Direito do Consumidor,11,7
922,922,titulo922,decisao922,Direito Civil,44,1
923,923,titulo923,decisao923,Direito Civil,33,3
924,924,titulo924,decisao924,Direito Civil,4,8
925,925,titulo925,decisao925,Direito Penal,30,4
926,926,titulo926,decisao926,Direito Penal,4,4
927,927,titulo927,decisao927,Direito Penal,31,8
928,928,titulo928,decisao928,Direito Tributário,43,4
929,929,titulo929,decisao929,Direito Tributário,38,5
930,930,titulo930,decisao930,Direito Tributário,22,3
931,931,titulo931,decisao931,Direito Digital,4,1
932,932,titulo932,decisao932,Direito Digital,11,3
933,933,titulo933,decisao933,Direito Digital,35,1
934,934,titulo934,decisao934,Direito Ambiental,23,8
935,935,titulo935,decisao935,Direito Ambiental,7,9
936,936,titulo936,decisao936,Direito Ambiental,28,4
937,937,titulo937,decisao937,Direito do Consumidor,5,1
938,938,titulo938,decisao938,Direito do Consumidor,30,10
939,939,titulo939,decisao939,Direito do Consumidor,22,7
940,940,titulo940,decisao940,Direito do Consumidor,36,5
941,941,titulo941,decisao941,Direito Civil,35,1
942,942,titulo942,decisao942,Direito Civil,27,2
943,943,titulo943,decisao943,Direito Civil,12,5
944,944,titulo944,decisao944,Direito Penal,6,10
945,945,titulo945,decisao945,Direito Penal,49,10
946,946,titulo946,decisao946,Direito Penal,48,8
947,947,titulo947,decisao947,Direito Tributário,34,4
948,948,titulo948,decisao948,Direito Tributário,7,3
949,949,titulo949,decisao949,Direito Tributário,33,6
950,950,titulo950,decisao950,Direito Digital,20,5
951,951,titulo951,decisao951,Direito Digital,28,1
952,952,titulo952,decisao952,Direito Digital,28,10
953,953,titulo953,decisao953,Direito Ambiental,27,1
954,954,titulo954,decisao954,Direito Ambiental,22,9
955,955,titulo955,decisao955,Direito Ambiental,13,5
956,956,titulo956,decisao956,Direito do Consumidor,9,8
957,957,titulo957,decisao957,Direito do Consumidor,16,7
958,958,titulo958,decisao958,Direito do Consumidor,36,9
959,959,titulo959,decisao959,Direito do Consumidor,26,2
960,960,titulo960,decisao960,Direito Civil,11,2
961,961,titulo961,decisao961,Direito Civil,32,10
962,962,titulo962,decisao962,Direito Civil,42,6
963,963,titulo963,decisao963,Direito Penal,50,5
964,964,titulo964,decisao964,Direito Penal,9,4
965,965,titulo965,decisao965,Direito Penal,5,3
966,966,titulo966,decisao966,Direito Tributário,44,10
967,967,titulo967,decisao967,Direito Tributário,34,10
968,968,titulo968,decisao968,Direito Tributário,45,9
969,969,titulo969,decisao969,Direito Digital,9,1
970,970,titulo970,decisao970,Direito Digital,39,10
971,971,titulo971,decisao971,Direito Digital,39,5
972,972,titulo972,decisao972,Direito Ambiental,29,2
973,973,titulo973,decisao973,Direito Ambiental,40,5
974,974,titulo974,decisao974,Direito Ambiental,31,6
975,975,titulo975,decisao975,Direito do Consumidor,26,10
976,976,titulo976,decisao976,Direito do Consumidor,31,9
977,977,titulo977,decisao977,Direito do Consumidor,3,9
978,978,titulo978,decisao978,Direito do Consumidor,25,8
979,979,titulo979,decisao979,Direito Civil,24,8
980,980,titulo980,decisao980,Direito Civil,28,6
981,981,titulo981,decisao981,Direito Civil,37,5
982,982,titulo982,decisao982,Direito Penal,26,1
983,983,titulo983,decisao983,Direito Penal,42,3
984,984,titulo984,decisao984,Direito Penal,20,5
985,985,titulo985,decisao985,Direito Tributário,5,4
986,986,titulo986,decisao986,Direito Tributário,7,4
987,987,titulo987,decisao987,Direito Tributário,48,6
988,988,titulo988,decisao988,Direito Digital,21,7
989,989,titulo989,decisao989,Direito Digital,18,9
990,990,titulo990,decisao990,Direito Digital,10,1
991,991,titulo991,decisao991,Direito Ambiental,15,4
992,992,titulo992,decisao992,Direito Ambiental,3,5
993,993,titulo993,decisao993,Direito Ambiental,38,8
994,994,titulo994,decisao994,Direito do Consumidor,24,8
995,995,titulo995,decisao995,Direito do Consumidor,12,6
996,996,titulo996,decisao996,Direito do Consumidor,1,4
997,997,titulo997,decisao997,Direito do Consumidor,18,6
998,998,titulo998,decisao998,Direito Civil,2,4
999,999,titulo999,decisao999,Direito Civil,41,8
1000,1000,titulo1000,decisao1000,Direito Civil,37,9
